{"cameraMode":{"drawMode":0,"name":"Shaded","section":"Shading Mode"},"sceneLighting":true,"audioPlay":false,"sceneViewState":{"showFog":true,"showMaterialUpdate":false,"showSkybox":true,"showFlares":true,"showImageEffects":true,"showParticleSystems":true},"in2DMode":false,"pivot":{"x":-43.78358459472656,"y":-51.68250274658203,"z":207.82229614257813},"rotation":{"x":-0.18557927012443543,"y":0.3957873284816742,"z":-0.08200737088918686,"w":-0.895649254322052},"size":342.21136474609377,"orthographic":false}